评论ID,评论内容,评论图片,点赞数,评论时间,用户昵称,用户主页链接,用户抖音号,用户签名,回复总数,ip归属
7520945688474436386,高一的时候我爸问我高考能不能考700分[憨笑],,11359,2025-06-28 18:30:30,夏青,https://www.douyin.com/user/MS4wLjABAAAAbqdpM30sbIXO79keHSIHf6mlVEo0yseFmBf3UfWO6Is,,未知,159,湖南
7521023443329696566,"笔一定要能写字✍✍✍
男人一定要是男人✍✍✍
飞机一定要能飞✍✍✍
饮用水一定要能饮用✍✍✍
相机一定要能拍照🖐️😭🤚
摄影师主页一定要有照片✍✍✍[看]",,224,2025-06-28 23:32:20,T*,https://www.douyin.com/user/MS4wLjABAAAAYf_mUhSfy1Wkh3s7Wn7bLC3Jp259ml2NhSUwQczM0AMQnUh03syE6n1OXWdnx-JB,84755386111,未知,7,陕西
7521177041418191642,中考的时候，体育满分70分，我考了64分，我告诉我爸后，我爸一脸鄙夷的说，男生，不说考一百分了，考个八十分也行啊[捂脸],,101,2025-06-29 09:28:16,贝贝的利亚,https://www.douyin.com/user/MS4wLjABAAAAxt7pEx43Iz2W4PEGo_qWB5_ep5pQwaxdH0OF_b5s4ZSrSpAD2X39FmWFPRfi1wPx,33751108261,未知,3,河南
7521008525721797430,"领导A：电脑点几下尼设计什么了，要我5000块
领导B：几张破纸宣传册要8000多，我以前做几毛钱一打[微笑]",,277,2025-06-28 22:34:21,天天🌟,https://www.douyin.com/user/MS4wLjABAAAAgLcuS6ORloTe3ec7lBXEpXfl7kgSG07h-NyOSwsmWzf97alAvwRjD2jSIMfBA02c,Katrinaman,未知,6,内蒙古
7520942818425242425,集团花300w请人来做战略规划、分公司领导去听了一节课，回来让我也做一个[宕机][宕机],,2121,2025-06-28 18:19:19,謝𨉷,https://www.douyin.com/user/MS4wLjABAAAACmCu05wkBrAtDFggmM_ozGi6JrIZXAe0URkDDNaRLWF_1TBQngys0SEOSOGlbNVm,74725625273,未知,43,山东
7520962177890960188,“你是不是在监狱工作？我有个朋友进去了，你给放了吧。”,,1357,2025-06-28 19:34:28,流浪的小怪兽🐾,https://www.douyin.com/user/MS4wLjABAAAAezZrB9wzYr-YrT4Lu3Mm-keGxnWYFsTpXcFP8iqsP4I,1450meiyoumuqin,未知,20,辽宁
7521177230317421369,我学纹身，朋友都让我免费设计图稿，还必须三个风格各两个，挑选一下，提钱就是都哥们[愉快],,16,2025-06-29 09:28:59,都是蝎子莱莱干的,https://www.douyin.com/user/MS4wLjABAAAAD1YTFaOR5K2xWOUBCzS8bZRuzy2tD3DSLiAI6APSQbk,,未知,1,山东
7520963884422923048,我当年的领导，给我说，管我吃住再给我月底加二百块钱，他想让我做个windows系统出来[泣不成声],,343,2025-06-28 19:41:15,十三_,https://www.douyin.com/user/MS4wLjABAAAA2bQ06pY7t57dwHFWSV7fA8hSslkVj2M8cjO5hrJHwPQ,,未知,8,陕西
7520949496122491708,多年前我老板看我没事干，把他旅游的照片全都扫描做了个网站，老板酷爱照相，这么说吧，去了趟舟山，照了五百张。。。俄罗斯八百多张。。全都是他的大脸！,,43,2025-06-28 18:45:14,樂7,https://www.douyin.com/user/MS4wLjABAAAArr1mGOFCJpQ6L-XRzyRJRbZyD9s0s3vGQu2IKJZaOV2GuBXV8pLCw8fuLWcH9zg9,40205705015,未知,5,黑龙江
7520952235900355391,"我作为领导，我会给下属两种指示：
1. 当我判断他能做到，我会给他建议，他可以选择听或者不听，但他自己要能为结果负责。
2. 当我判断任务超出他能力，我会给他明确指示，他要完全听我话去执行，我会承担结果的责任。",,114,2025-06-28 18:55:54,刘浪人,https://www.douyin.com/user/MS4wLjABAAAAWnJRl1faGFU-qYhpZNCsS9a5Hyxs8sS7z2DvTA6e3DxFN23tTv09kj3UFojhHrl2,dyem89uo34v4,未知,10,北京
7520953606930596668,我认识一个人，他在教刘国梁打乒乓球[微笑],,5487,2025-06-28 19:01:12,梅菜Colo（胡吃海塞减肥版）,https://www.douyin.com/user/MS4wLjABAAAAYkI9KftZmR3pT_3jTX5iYWHgm1-HHYPjawPbea0Vl2k,mj20230503,未知,24,福建
7520986487284302649,我以前在水利设计院工作，院长以前是饭店大堂经理[捂脸],,169,2025-06-28 21:08:47,王富贵儿,https://www.douyin.com/user/MS4wLjABAAAA0FBV2wVmGv-KeCi-6hWpQg5VHz1Cj5o0L_sDTKDFhvY,,未知,5,天津
7521021146507477779,我们老板要我去和供应商压价，我说时机不合适，然后她御驾亲征结果谈的涨价了[躺平][躺平][躺平],,119,2025-06-28 23:23:19,～,https://www.douyin.com/user/MS4wLjABAAAAkC8EtpdkJhFVXAckRxtbMTfPsI2k3P-AQ3Uq18BLLsgLQ69NNZqC7obR7MpLBeSJ,75413767822,未知,2,上海
7521245833229566772,真事，给我200预算，让我做个和美团一样的app[躺平][躺平][躺平][躺平],,16,2025-06-29 13:55:13,春田花花同学,https://www.douyin.com/user/MS4wLjABAAAAA5w-sy6eYWOb2tYWCxtZFZHFhIQRwkRmC_EBLWoj-Hc,Nice784533,未知,1,吉林
7520992641737376570,想当年在工厂干车床，厂里有一台五几年德国产的多头钻床，每年的维修费再添点都够买个新的了，我用的那个车床记得是92年的，就这老板不知道哪根弦搭错了，花了五十万从南方聘了个专家搞讲座，真是一个敢说一个敢信。有一个产品是上游公司让我们厂独家生产的，可能是利润低，老板就是拖着不发货，只紧着利润高的优先发货，最后上游公司生气了，重新招标，不让我们厂供货了[捂脸][捂脸][捂脸],,25,2025-06-28 21:32:40,小钱钱,https://www.douyin.com/user/MS4wLjABAAAA4FCLNjsHyteZr-KOGpMkoby1c2cRZoOyiwXPdx1g6tfwh0V8rauErlAfrTP6ibAQ,dy5rzl5vf81f,未知,3,河南
7520956723037897515,我们领导上周给我布置的工作就是解决微信无法传输2个G大小的文件这个问题 让我一下午搞清楚,,442,2025-06-28 19:13:18,那你努力就好,https://www.douyin.com/user/MS4wLjABAAAANX2r-89QO0C3SKpWgcyMTgstq7dVW6z2wuc3TDWJo58,,未知,31,青海
7521060738661991228,高一数学老师说他以前在的一个学校的副校长看完他们批的期末卷子后把整个数学组骂了一遍，理由是他们批改不认真，学生把8都写了横着了还打钩（实际学生写的是∞）[憨笑],,46,2025-06-29 01:57:02,不嘻嘻*,https://www.douyin.com/user/MS4wLjABAAAAbR1zl5BeN-5NqY5_xGXhMk8MaQjZTpaz1amQlFtdGuFnqsh4sre7U6sKAMAe2pw4,86665330130,未知,2,云南
7521018058774627130,孩子们在找我吗？,"['https://p26-sign.douyinpic.com/tos-cn-i-p14lwwcsbr/c62e1160fdb945f39d6c18e20659d18f~tplv-p14lwwcsbr-7.image?lk3s=7b078dd2&x-expires=1751288400&x-signature=aDr13H7Ja7IkR%2F4rD31x%2BxIjxGc%3D&from=2064092626&se=false&sc=image&biz_tag=aweme_comment&l=20250630153040EDD57EAEB70C7EBAAC11', 'https://p3-sign.douyinpic.com/tos-cn-i-p14lwwcsbr/c62e1160fdb945f39d6c18e20659d18f~tplv-p14lwwcsbr-7.image?lk3s=7b078dd2&x-expires=1751288400&x-signature=gaK0zdr5%2BWznkDdeyghF9uo4OZU%3D&from=2064092626&se=false&sc=image&biz_tag=aweme_comment&l=20250630153040EDD57EAEB70C7EBAAC11', 'https://p11-sign.douyinpic.com/tos-cn-i-p14lwwcsbr/c62e1160fdb945f39d6c18e20659d18f~tplv-p14lwwcsbr-7.image?lk3s=7b078dd2&x-expires=1751288400&x-signature=OGHLkJ%2FwppcQ6fd%2Bk9gKc9UBuio%3D&from=2064092626&se=false&sc=image&biz_tag=aweme_comment&l=20250630153040EDD57EAEB70C7EBAAC11', 'https://p26-sign.douyinpic.com/tos-cn-i-p14lwwcsbr/c62e1160fdb945f39d6c18e20659d18f~tplv-p14lwwcsbr-7.jpeg?lk3s=7b078dd2&x-expires=1751288400&x-signature=D%2Bkw0zn15MmK%2FRlT7AH5gHZe5do%3D&from=2064092626&se=false&sc=image&biz_tag=aweme_comment&l=20250630153040EDD57EAEB70C7EBAAC11']",259,2025-06-28 23:11:18,奋斗,https://www.douyin.com/user/MS4wLjABAAAA0tbfcmvk23RrJOG-zV9coADlcwTxSCDLViYXkfQ3wW50ZhqkMOHQhilBJ-jl2evm,47072423881,未知,4,安徽
7520965564082209595,"一台9米6的新车，领导跟我讲，让我把车从上海开到重庆万州机场，给我100块钱。
我拒绝了，然后领导又从外面找了一个送车司机，把车开到重庆万州，再给我买机票，让我飞到重庆交付这台车[冷漠]",,67,2025-06-28 19:47:36,一个局外人,https://www.douyin.com/user/MS4wLjABAAAAopg6o6eo9stVItrPmxyjPwJwbSAI2Q6Id5SUx7zN69g,,未知,5,上海
7520963487485952828,有，就这周，老板问我供应商发货没，我说供应商周日全场休息不发货，他们单休。老板说我瞎说工厂不可能会休息[捂脸]，我没搭理他，这周准备辞职了，不伺候了，三观有问题,,70,2025-06-28 19:39:32,郭灵均,https://www.douyin.com/user/MS4wLjABAAAAF3IKqYXnF6sDkQSUV_AxekkPTsdlHUHptyrRikF2MKuAa4EaxnIgf0861O7ELQrb,53219996090,未知,9,浙江
7521016314639565568,这句话没毛病[看],"['https://p3-sign.douyinpic.com/tos-cn-i-p14lwwcsbr/1395eedf21e743ca87a1231bd410a984~tplv-p14lwwcsbr-7.image?lk3s=7b078dd2&x-expires=1751288400&x-signature=yqxE3HBelFkr%2FWKT35ePYwErm1Q%3D&from=2064092626&se=false&sc=image&biz_tag=aweme_comment&l=20250630153040EDD57EAEB70C7EBAAC11', 'https://p11-sign.douyinpic.com/tos-cn-i-p14lwwcsbr/1395eedf21e743ca87a1231bd410a984~tplv-p14lwwcsbr-7.image?lk3s=7b078dd2&x-expires=1751288400&x-signature=vQKkL3p%2FSbaLNbWcEAJ%2B6onLXPs%3D&from=2064092626&se=false&sc=image&biz_tag=aweme_comment&l=20250630153040EDD57EAEB70C7EBAAC11', 'https://p26-sign.douyinpic.com/tos-cn-i-p14lwwcsbr/1395eedf21e743ca87a1231bd410a984~tplv-p14lwwcsbr-7.image?lk3s=7b078dd2&x-expires=1751288400&x-signature=YdLxBPLbhDeU4MlUs%2FDWR%2F1GShY%3D&from=2064092626&se=false&sc=image&biz_tag=aweme_comment&l=20250630153040EDD57EAEB70C7EBAAC11', 'https://p3-sign.douyinpic.com/tos-cn-i-p14lwwcsbr/1395eedf21e743ca87a1231bd410a984~tplv-p14lwwcsbr-7.jpeg?lk3s=7b078dd2&x-expires=1751288400&x-signature=Ego9o4GClGMrMpJ1viw1Fv3kqnE%3D&from=2064092626&se=false&sc=image&biz_tag=aweme_comment&l=20250630153040EDD57EAEB70C7EBAAC11']",13,2025-06-28 23:04:35,锦鲤,https://www.douyin.com/user/MS4wLjABAAAAha2ktk9nWkD5IDVxBWYKZNZ8P_lLHPYwrtdKxNjMoOI,,未知,3,河南
7521310654725587770,点开刷到的时候，领导在我旁边[微笑][微笑][微笑],,60,2025-06-29 18:06:43,🍀🍀🍀🌸,https://www.douyin.com/user/MS4wLjABAAAAyng3s5vjCJW8h_rCu_JauW9aHWLa6U1cfvQQwGDSEf0,47461665279,未知,5,天津
7520994016299041594,怎么？都问我吗？,"['https://p3-sign.douyinpic.com/tos-cn-i-p14lwwcsbr/80e9f668dc944998a670545c4b748efa~tplv-p14lwwcsbr-7.image?lk3s=7b078dd2&x-expires=1751288400&x-signature=s25QHQ1E85DrAPPQn%2Bn%2FkEY2Vt8%3D&from=2064092626&se=false&sc=image&biz_tag=aweme_comment&l=20250630153040EDD57EAEB70C7EBAAC11', 'https://p26-sign.douyinpic.com/tos-cn-i-p14lwwcsbr/80e9f668dc944998a670545c4b748efa~tplv-p14lwwcsbr-7.image?lk3s=7b078dd2&x-expires=1751288400&x-signature=QHYOAg7FQLGk7%2Fk6q15rSUr2xbw%3D&from=2064092626&se=false&sc=image&biz_tag=aweme_comment&l=20250630153040EDD57EAEB70C7EBAAC11', 'https://p11-sign.douyinpic.com/tos-cn-i-p14lwwcsbr/80e9f668dc944998a670545c4b748efa~tplv-p14lwwcsbr-7.image?lk3s=7b078dd2&x-expires=1751288400&x-signature=lvKys5mRxTNBWJ2F%2Bi3Db4uWt9s%3D&from=2064092626&se=false&sc=image&biz_tag=aweme_comment&l=20250630153040EDD57EAEB70C7EBAAC11', 'https://p3-sign.douyinpic.com/tos-cn-i-p14lwwcsbr/80e9f668dc944998a670545c4b748efa~tplv-p14lwwcsbr-7.jpeg?lk3s=7b078dd2&x-expires=1751288400&x-signature=Bx2aEuMCAp03%2BlnBDk%2BHsJWQlC8%3D&from=2064092626&se=false&sc=image&biz_tag=aweme_comment&l=20250630153040EDD57EAEB70C7EBAAC11']",6,2025-06-28 21:38:00,不会用快捷键,https://www.douyin.com/user/MS4wLjABAAAA--rf0G9LzrmazZv4pw-KQJibBTg2zWE-KOgaqM9V0HM,,未知,3,河北
7520942137325732671,我爸让我光中耀祖，可是他什么都不会做，就嘴上说，看着我做[捂脸][捂脸][捂脸],,76,2025-06-28 18:16:43,怪咖Sir,https://www.douyin.com/user/MS4wLjABAAAA-n_VSpe-BBWHHpJ0PxsF52ITEcTqz9OUeuIl5WI2dlc,wujianxiao1224,未知,6,云南
7521349775027962681,我刚上高一我妈就告诉我语数英三科原始分怎么也得考四百分吧[他急了],,4,2025-06-29 20:38:30,SIUFATBB,https://www.douyin.com/user/MS4wLjABAAAAGJcOZZJpuHViA0rCDSECQgAYI5b0n6fB8Ae90pKtZnU,Kai_2.,未知,1,广东
7521182079917998908,,"['https://p3-sign.douyinpic.com/tos-cn-i-p14lwwcsbr/601caae558674d2caa0304ad085be409~tplv-p14lwwcsbr-7.image?lk3s=7b078dd2&x-expires=1751288400&x-signature=4%2F4tPB3wZMjIccm2s323det%2F75k%3D&from=2064092626&se=false&sc=image&biz_tag=aweme_comment&l=20250630153040EDD57EAEB70C7EBAAC11', 'https://p11-sign.douyinpic.com/tos-cn-i-p14lwwcsbr/601caae558674d2caa0304ad085be409~tplv-p14lwwcsbr-7.image?lk3s=7b078dd2&x-expires=1751288400&x-signature=7qd7Nwe58TlQozCmKri7IZgX%2FAk%3D&from=2064092626&se=false&sc=image&biz_tag=aweme_comment&l=20250630153040EDD57EAEB70C7EBAAC11', 'https://p26-sign.douyinpic.com/tos-cn-i-p14lwwcsbr/601caae558674d2caa0304ad085be409~tplv-p14lwwcsbr-7.image?lk3s=7b078dd2&x-expires=1751288400&x-signature=GJfwx3ffHWslxhoHjmAtHvWxUpA%3D&from=2064092626&se=false&sc=image&biz_tag=aweme_comment&l=20250630153040EDD57EAEB70C7EBAAC11', 'https://p3-sign.douyinpic.com/tos-cn-i-p14lwwcsbr/601caae558674d2caa0304ad085be409~tplv-p14lwwcsbr-7.jpeg?lk3s=7b078dd2&x-expires=1751288400&x-signature=iexsZVUzy7IWwc%2FGxUUDljWj5Oo%3D&from=2064092626&se=false&sc=image&biz_tag=aweme_comment&l=20250630153040EDD57EAEB70C7EBAAC11']",89,2025-06-29 09:47:48,山椒脆,https://www.douyin.com/user/MS4wLjABAAAAMkNMsa6HrlfXmDKyn3ZU_jjOHx3hQ7icAgXdiqSvCgZnLhP0mLY1xvk61E1c3OMy,dy7y0agmmnk5,未知,2,江苏
7520932934980535099,任何一个能够成事的人，都有一个共同的优点，他不会去指挥一件他根本不懂的事,,249,2025-06-28 17:40:58,牢真,https://www.douyin.com/user/MS4wLjABAAAARA-JstJfkpGd53wrmwAEyTW5hfQKH3WYjwFUuo801OLTIpuV1a_i0Tt6UmAaA7go,95463186816,未知,7,四川
7521168169802892073,我在看这个视频的时候，她就在我旁边[微笑],,4,2025-06-29 08:53:58,段老师  （ •᷄ࡇ•᷅）,https://www.douyin.com/user/MS4wLjABAAAAR1DNRN9FqBffxGntyXWE4GvZt9T_cbpwjepbVOviBOs,,未知,1,江苏
7520935593078702908,大多数领导比九头虫还夸张[看],"['https://p3-sign.douyinpic.com/tos-cn-i-p14lwwcsbr/41e621ba383445f3827f72b956b5a46d~tplv-p14lwwcsbr-7.image?lk3s=7b078dd2&x-expires=1751288400&x-signature=pybh3Ac62km%2F9shrUdgZqH8HTjs%3D&from=2064092626&se=false&sc=image&biz_tag=aweme_comment&l=20250630153040EDD57EAEB70C7EBAAC11', 'https://p26-sign.douyinpic.com/tos-cn-i-p14lwwcsbr/41e621ba383445f3827f72b956b5a46d~tplv-p14lwwcsbr-7.image?lk3s=7b078dd2&x-expires=1751288400&x-signature=ZwlJSocF68R%2BxFyFeINRVN2oKrw%3D&from=2064092626&se=false&sc=image&biz_tag=aweme_comment&l=20250630153040EDD57EAEB70C7EBAAC11', 'https://p11-sign.douyinpic.com/tos-cn-i-p14lwwcsbr/41e621ba383445f3827f72b956b5a46d~tplv-p14lwwcsbr-7.image?lk3s=7b078dd2&x-expires=1751288400&x-signature=RCQxcm1qc1hJU0GgR%2BL4FoPM1z0%3D&from=2064092626&se=false&sc=image&biz_tag=aweme_comment&l=20250630153040EDD57EAEB70C7EBAAC11', 'https://p3-sign.douyinpic.com/tos-cn-i-p14lwwcsbr/41e621ba383445f3827f72b956b5a46d~tplv-p14lwwcsbr-7.jpeg?lk3s=7b078dd2&x-expires=1751288400&x-signature=NBpUMxOakqmmTPIt2faiGdBb9RI%3D&from=2064092626&se=false&sc=image&biz_tag=aweme_comment&l=20250630153040EDD57EAEB70C7EBAAC11']",4540,2025-06-28 17:51:18,李鑒焵,https://www.douyin.com/user/MS4wLjABAAAA6aQTgFePVkHTMV9GBap9j2j0a8vZ0fvyYkNOgUcbsmw,wywdcy,未知,40,四川
7521025647197324083,这个世界上，总会有一群“老”人。他们四处兜售着社会的经验，把他人的理想当做幻想，把他人的热情当做轻狂，把他人的坚持当做桀骜。他们常在教训后辈中，寻找自己的存在感和优越感,,275,2025-06-28 23:40:46,蘇蘇,https://www.douyin.com/user/MS4wLjABAAAAdNlHfNf0ToahC84krM_1s_GyH7wSzjWibL4zicVnzYo,5464849v,未知,5,山西
7521628651063657273,@诺（转战金铲铲版） @lk @春与秋其代序 @Eric-GnaW @Olerrr（恩师xmy版） @梨花哪有汉堡香 @u1u1 @小狗也哭泣 @她说名字取随便 @南瓜宝宝 @Joanna @o_Oii @如也 @ixniJsjxksna @鸭血粉丝我爱吃 @豆腐脑 @莉莉椿 @10. 我不说是谁了叭 开头,,2,2025-06-30 14:40:43,鋙銅,https://www.douyin.com/user/MS4wLjABAAAAd5lOEwa0zGRTwiVn5HkZz5FshH9g7Cen9lIt4EdrDWf369EJGUADAmNLNpeLCYlA,duoduo611494,未知,5,江苏
7521610016055886651,拿破仑酥是拿破仑发明的么，还挺好吃[看],,0,2025-06-30 13:28:24,啦啦啦（鼠鼠高手）,https://www.douyin.com/user/MS4wLjABAAAArMCtakE-DSfaCmS_Aq80TDr0qqhNekLd50L5IFhyLqG7M2DcOWF3Pr0dK9IPPv7i,wuhuzbh,未知,0,陕西
7521609638752994098,我是汽修工，所以这种人太常见了[发怒],,0,2025-06-30 13:26:58,卤肉,https://www.douyin.com/user/MS4wLjABAAAAfsE5hrBpv0DQg-1EgzGrKtMDPgOfXt65Wtu2R-m6834,,未知,0,辽宁
7521609585549296419,@ali 哈哈哈哈开局绷不住了,,0,2025-06-30 13:26:50,s1,https://www.douyin.com/user/MS4wLjABAAAAFudm8txZGtqxMiXVVBn9fy2mw0atFTcI1pyLonBB9w46XFDIF6nQtJEP6uQ5cbrk,95264467163,未知,1,IP未知
7521595442887557928,没有，一般专业性强的领域，领导更专业。,,3,2025-06-30 12:31:51,朝饮坠露 夕餐落英,https://www.douyin.com/user/MS4wLjABAAAAanIxJNnnNSrJRYCe7Mvs9q9nOrEQO5xg0LypXnrF-1ccMVDZxrgsOi8meexzn_QG,,未知,1,福建
7521590158253294395,我爸：医生自己生病一定医术不好[捂脸][捂脸][捂脸],,0,2025-06-30 12:11:19,墨明棋妙,https://www.douyin.com/user/MS4wLjABAAAAZD_8J6iFlxHLdQzVhLgN-nde4nyE__z6Uq6V5W3oM4zl8qJ5k0xlq_veqtfClHX3,dy51m2czsp7o,未知,0,山东
7521588439817519899,这不是中国兵法吗,,0,2025-06-30 12:04:42,苏宝宝,https://www.douyin.com/user/MS4wLjABAAAA1rMjrYQkKP1wMuvs_uJe02KANjjYvZzEXEo2F8Bosxzf5OY0OFzyiLQOBJK7we6W,31004556481,未知,0,湖北
7521583846262620971,已经准备离职了,,0,2025-06-30 11:46:55,多骄傲,https://www.douyin.com/user/MS4wLjABAAAA9VVxEUq-RPT-iBLVHlewlTSrSrpkaokliIColEMh5ms,,未知,0,天津
7521581057201914660,微操大师,,0,2025-06-30 11:36:09,匣中的魑魅魍魉,https://www.douyin.com/user/MS4wLjABAAAA3XuWSefujSG50Tl21RjyPFaf94WHIuP7nhggv1vwv7U,,未知,0,江苏
7521580216264983353,天天问我，也不给我抄两个菜,,1,2025-06-30 11:32:46,数字世界,https://www.douyin.com/user/MS4wLjABAAAAhP8hFEbLuS0n7jtJpUUyAvNzHc58VjQn9xnp-01oILjCcvGnKo16uWEbBJg43ox1,70143272267,未知,0,湖北
7521573907884425993,他打你，肯定是你也有问题，他怎么不打我呀？,,0,2025-06-30 11:08:18,南海十三郎,https://www.douyin.com/user/MS4wLjABAAAA6RAEImgbHY1xVwv-vZ5SpfquWK7VpPksp2WxPkWxIYQ,,未知,0,山东
7521573908333921081,我老板吗这不是[捂脸],,0,2025-06-30 11:08:18,倒霉熊,https://www.douyin.com/user/MS4wLjABAAAAjPA7f99AXlo8iE3N_ilmsG9Z5Z4bIqECs6YuquMf5gbPF4eyIjR-vaUP35RDBp6h,64014210029,未知,0,新疆
7521564004381328128,[赞][赞][赞],,0,2025-06-30 10:29:54,孤独的野猫,https://www.douyin.com/user/MS4wLjABAAAAeslcPHhmmiD-YClBos9t0hOMrgtzG46guaaVwm65Q5sAGPQg9plf2cXXL6Tp5J0b,44202969365,未知,0,江苏
7521560694497887010,招商信诺人寿北分有个叫李婷，40+的离异大姐，整天幻想的小弟弟，工作上也是完全不懂。,,0,2025-06-30 10:17:10,木石,https://www.douyin.com/user/MS4wLjABAAAAZvvkYotToxWTa68TBTlUWHZE1w0SC8kG6mSZJ6y1l6C0ldjtjqMRuvdY-tOylQ9S,lyan129,未知,0,北京
7521557384465662780,将军是我见过最傻*的,,0,2025-06-30 10:04:11,沐沐（七日世界）,https://www.douyin.com/user/MS4wLjABAAAACPpsWvkbsut5tYoLSh6HfGQ74NDhFdk-S_j9UJJ0qRBmoNZzeO2cqYYurZhln46A,33892890721,未知,0,福建
7521554798312604425,没遇到过就证明你自己就是[捂脸],,0,2025-06-30 09:54:11,赤峰大明白,https://www.douyin.com/user/MS4wLjABAAAABE6AOIzE1gA_drDBGEem3-SUK4JV-P8ma_VDLTGrDIgBcGaSHgbg0DNsXblYH3do,lxy19880518,未知,0,内蒙古
7521553587546424121,[赞],,0,2025-06-30 09:49:26,zhangyun1821380,https://www.douyin.com/user/MS4wLjABAAAApvBCqgsbH6suhGU3ziINtlyZcrks5tjBSTtYVF-0iuQ,zhangyun1821,未知,0,云南
7521547395173155643,说外国人不会打仗，我并不意外[捂脸],,1,2025-06-30 09:25:25,轶楠,https://www.douyin.com/user/MS4wLjABAAAAF4TxQ8cTcZ3EmnSu2Rb8mF_GwOPsbU7vaINbiuv8KXM,dy71jrjl6umj,未知,0,辽宁
7521546923305861888,多了去了[捂脸]尤其老板亲戚,,1,2025-06-30 09:23:43,雨魇魔,https://www.douyin.com/user/MS4wLjABAAAATIQkxcu65ujlEMbnCk2-6CKnuk3ic4kFSgiWShU9Fyo,,未知,0,四川
7521546263545135932,每次跟傻逼争辩，把答案甩她脸上，然后被气得要死。[我想静静],,0,2025-06-30 09:21:00,喜默.唐,https://www.douyin.com/user/MS4wLjABAAAAI746MYrCynzyksYSDNhWoE3CB5ZVOit59aOhOZJicik,wxlax,未知,0,上海
7521170524669494066,高一的时候我爸问我高考能不能考700分[憨笑][微笑][微笑][微笑][微笑],,136,2025-06-29 09:03:00,量子波豆,https://www.douyin.com/user/MS4wLjABAAAAnUQT903Fat5aGyiyQWgXRnaALd08crD_greECnQrjRE,38376903935,未知,9,河北
7521437036897895219,北京有个当官的领导，去体验跑外卖，跟着师傅学了半天，然后他就自己去跑了，说很简单，然后跑到晚上10点多才下班，总共跑了52块，超时取消单子那些一共扣了20多块，一下午算下来收入20多，他直接奔溃了，导航直接让他穿墙过去，还有的商家店铺他找不到，在咔咔角角，七拐八拐的地方，满头大汗他，他直接叫摄影别录了，这太难了，回去之后他约谈了外卖的几个管理层谈话,,4,2025-06-30 02:17:18,L🍀,https://www.douyin.com/user/MS4wLjABAAAAp8GDhSZbAYnCOFvE9T0PFLGpKmIzOJUGuSMVIwysBOPUIBZXoOp61uNL0afLCrip,95279527daodao,未知,1,四川
7521269594029769535,7年前老板甩100万让我们项目组在一个月内做一个跟抖音同流量的APP[泣不成声][泣不成声][泣不成声],,75,2025-06-29 15:27:27,云逸涵,https://www.douyin.com/user/MS4wLjABAAAA2jy6mRZmBKi8D_BYTnZcTzYCa06DLISl4FDuNlf-04M,,未知,6,广东
7520934886745277242,领导让我自己一个人做一个监测平台，包括软件及硬件系统，原因是想着省一个月几百的费用,,65,2025-06-28 17:48:33,墨,https://www.douyin.com/user/MS4wLjABAAAAQTKrget_LNH2lJxqIQAIQOoM7-XP73uecvv9N_CaZrg,mo70547,未知,3,福建
7521227911723500330,可不，我们一个同事儿子理科位次4999 领导让他儿子报厦门大学[捂脸],,23,2025-06-29 12:45:39,海隐之巅,https://www.douyin.com/user/MS4wLjABAAAAhhtZIjgIWVAAGQ5DbSz50DxpEi6mY02tzJBi9GDBXn4,65163238808,未知,3,甘肃
7521249883149714203,"今年年初公司要招人,他找的那个岗位处理是非常难找的,加上今天又特别特殊,这个岗位上的师傅 又被隔壁的一个城市大量的吸收走了,导致非常难找,后来我是通用了我很多关系,很多劲,连哄带骗才招到一个 ,过来面试的时候。那个经理居然给人拒了 理由是感觉人太年轻,[泪奔]我跟他说今年不好招人，怎么还把人给拒了,他跟我说我不懂,说今年打贸易战很多人出来找工作很好找的,后来一直到现在都没招到人,后来一直求着我在用关西找一个[笑哭]说给我奖金什么",,1,2025-06-29 14:10:57,红衫(路亚),https://www.douyin.com/user/MS4wLjABAAAA0WPNJAdfsTWOwVF-jCEfjMQXDuRCsPx-BPwaWN-5o7Y,CCE80022,未知,0,江苏
7521026904193139491,县政府领导看了一个宣传片让我按照那个做个一样的,,47,2025-06-28 23:45:47,again,https://www.douyin.com/user/MS4wLjABAAAA9YyvzVLWAMTAweOAtQMYWkQsf3wVO1REm85OJAkwvvFasZp1FdgV4qyOro6aF-Bn,Next8763,未知,1,云南
7521008546882175784,这样。你带50人去外面溜一圈，四个小时后把他们都带回来，不能少一个人。做到这点我们再谈军事 [看],,15,2025-06-28 22:59:36,马丁,https://www.douyin.com/user/MS4wLjABAAAAa7IONIDjlt8wV1VuYzSV6jYjeJiNI5LxtTiLT1TzHohqa7QwYJ72WqWki2H_UZk6,93578314814,未知,1,重庆
7520927092210271036,我能吃两碗饭你能吃两碗盐吗[撇嘴],"['https://p3-sign.douyinpic.com/tos-cn-i-p14lwwcsbr/56e0da7ee97c40c6b4fd2312640e92d5~tplv-p14lwwcsbr-7.image?lk3s=7b078dd2&x-expires=1751356800&x-signature=gCkWIls9ZcsjST8ZCawP46rBFgs%3D&from=2064092626&se=false&sc=image&biz_tag=aweme_comment&l=202506301530458104F53BF3B44FF32AB0', 'https://p11-sign.douyinpic.com/tos-cn-i-p14lwwcsbr/56e0da7ee97c40c6b4fd2312640e92d5~tplv-p14lwwcsbr-7.image?lk3s=7b078dd2&x-expires=1751356800&x-signature=XqpkBKFniECbHP3lQZEpKAXDKmk%3D&from=2064092626&se=false&sc=image&biz_tag=aweme_comment&l=202506301530458104F53BF3B44FF32AB0', 'https://p26-sign.douyinpic.com/tos-cn-i-p14lwwcsbr/56e0da7ee97c40c6b4fd2312640e92d5~tplv-p14lwwcsbr-7.image?lk3s=7b078dd2&x-expires=1751356800&x-signature=AIJ92uqah6oYhZUR%2FquV2ckyKTM%3D&from=2064092626&se=false&sc=image&biz_tag=aweme_comment&l=202506301530458104F53BF3B44FF32AB0', 'https://p3-sign.douyinpic.com/tos-cn-i-p14lwwcsbr/56e0da7ee97c40c6b4fd2312640e92d5~tplv-p14lwwcsbr-7.jpeg?lk3s=7b078dd2&x-expires=1751356800&x-signature=Tq6Kd1AAyFVeiYf7Wkp4t7QdcMs%3D&from=2064092626&se=false&sc=image&biz_tag=aweme_comment&l=202506301530458104F53BF3B44FF32AB0']",374,2025-06-28 17:18:19,风幹,https://www.douyin.com/user/MS4wLjABAAAAaFcQZ5-GmCS0yXQfHqCml-D6oHbxMWY4z-4O7LmZ5LHVLJ96648xBVBSQ4sbpA81,41643495181,未知,4,湖南
7520943675515159348,我是托尼老师，有时顾客教我怎么染头发[捂脸][捂脸][捂脸],,32,2025-06-28 18:22:45,御弟哥哥,https://www.douyin.com/user/MS4wLjABAAAADDaabo1QWwBsygWxMBBTYhJrRdo-_DclWrArwsqR_JI,,未知,7,吉林
7521009919228855075,乒乓球谁搜的[看],"['https://p3-sign.douyinpic.com/tos-cn-i-p14lwwcsbr/88ad9d3c89be4254ac3dd0cf660f9d96~tplv-p14lwwcsbr-7.image?lk3s=7b078dd2&x-expires=1751356800&x-signature=hk9ApZS9c4%2B8np8mm7Ii%2BlkHqwg%3D&from=2064092626&se=false&sc=image&biz_tag=aweme_comment&l=202506301530458104F53BF3B44FF32AB0', 'https://p9-sign.douyinpic.com/tos-cn-i-p14lwwcsbr/88ad9d3c89be4254ac3dd0cf660f9d96~tplv-p14lwwcsbr-7.image?lk3s=7b078dd2&x-expires=1751356800&x-signature=Mb0YEZ12iD1dNg4wzmM2J6fGcJk%3D&from=2064092626&se=false&sc=image&biz_tag=aweme_comment&l=202506301530458104F53BF3B44FF32AB0', 'https://p26-sign.douyinpic.com/tos-cn-i-p14lwwcsbr/88ad9d3c89be4254ac3dd0cf660f9d96~tplv-p14lwwcsbr-7.image?lk3s=7b078dd2&x-expires=1751356800&x-signature=%2FGZRSuseQJF1Qf8tz3iDKn1mJts%3D&from=2064092626&se=false&sc=image&biz_tag=aweme_comment&l=202506301530458104F53BF3B44FF32AB0', 'https://p3-sign.douyinpic.com/tos-cn-i-p14lwwcsbr/88ad9d3c89be4254ac3dd0cf660f9d96~tplv-p14lwwcsbr-7.jpeg?lk3s=7b078dd2&x-expires=1751356800&x-signature=%2BHWk%2B7BQUoDofZkDWsi896wdOa4%3D&from=2064092626&se=false&sc=image&biz_tag=aweme_comment&l=202506301530458104F53BF3B44FF32AB0']",5,2025-06-28 22:39:48,~无言无语,https://www.douyin.com/user/MS4wLjABAAAAXpvDT7OYI7VyPf4YFmHzpVM-Qbeg5a-8livABI00ryg,,未知,0,陕西
7520918414883734315,何时讲一下大唐[流泪][流泪][流泪][流泪]李世民,,58,2025-06-28 16:44:40,不白,https://www.douyin.com/user/MS4wLjABAAAAaA-LN6T9ywQltWnefIt9_TND1RPQOLywHYpgrmSVFGvjGKKV6ytq1r7Y8RSqUwFS,73176118234,未知,3,河北
7520931059594150713,我记得我的团长我的团里面是不是有这个反斜面设计,,19,2025-06-28 17:33:42,每天关注一个美女,https://www.douyin.com/user/MS4wLjABAAAAEwBuI3sUC24k-cXni9jXyXZrkSTCzUCmxzYbrhU5Z0UMJECS9DdM6CxEQXivFmc4,quanshijiesh42,未知,2,四川
7521395377884463914,伟大无需多言,"['https://p26-sign.douyinpic.com/tos-cn-i-p14lwwcsbr/cd8b7f17feb545c18e6cb443b755cfff~tplv-p14lwwcsbr-7.image?lk3s=7b078dd2&x-expires=1751356800&x-signature=z2kGKEVXI8LP4wgxeM5eVtV7gkg%3D&from=2064092626&se=false&sc=image&biz_tag=aweme_comment&l=202506301530458104F53BF3B44FF32AB0', 'https://p3-sign.douyinpic.com/tos-cn-i-p14lwwcsbr/cd8b7f17feb545c18e6cb443b755cfff~tplv-p14lwwcsbr-7.image?lk3s=7b078dd2&x-expires=1751356800&x-signature=K3P3ynKev6fiRF7OCV2%2BUZTDDH8%3D&from=2064092626&se=false&sc=image&biz_tag=aweme_comment&l=202506301530458104F53BF3B44FF32AB0', 'https://p9-sign.douyinpic.com/tos-cn-i-p14lwwcsbr/cd8b7f17feb545c18e6cb443b755cfff~tplv-p14lwwcsbr-7.image?lk3s=7b078dd2&x-expires=1751356800&x-signature=PtSJLYxmWPc%2BQSEGjs0wji6zfNc%3D&from=2064092626&se=false&sc=image&biz_tag=aweme_comment&l=202506301530458104F53BF3B44FF32AB0', 'https://p26-sign.douyinpic.com/tos-cn-i-p14lwwcsbr/cd8b7f17feb545c18e6cb443b755cfff~tplv-p14lwwcsbr-7.jpeg?lk3s=7b078dd2&x-expires=1751356800&x-signature=qhOeyUFHzD0eIp6NMmVoCpBbLjE%3D&from=2064092626&se=false&sc=image&biz_tag=aweme_comment&l=202506301530458104F53BF3B44FF32AB0']",1,2025-06-29 23:35:34,吃饱了就不吃了,https://www.douyin.com/user/MS4wLjABAAAABcTvy30wbCk0XzShDiM9WWEMvEKgjQV7RDzLHTCuzi9hQgwnA-nM9OWcTJUmvCrJ,75083466862,未知,0,北京
7521054212148200255,“鸿飞机电科技（东莞）有限公司”[yyds]这种公司啊，给你们看看一些东西。高薪诱导面试，线下签阴阳合同。,"['https://p26-sign.douyinpic.com/tos-cn-i-p14lwwcsbr/76c7118aca28482181816d29d6ca7a98~tplv-p14lwwcsbr-7.image?lk3s=7b078dd2&x-expires=1751356800&x-signature=Uab24LP8TBTEQmJiCxopuSGZZOQ%3D&from=2064092626&se=false&sc=image&biz_tag=aweme_comment&l=202506301530458104F53BF3B44FF32AB0', 'https://p3-sign.douyinpic.com/tos-cn-i-p14lwwcsbr/76c7118aca28482181816d29d6ca7a98~tplv-p14lwwcsbr-7.image?lk3s=7b078dd2&x-expires=1751356800&x-signature=9sQlaosCwGv8vkDt74QFnK%2FllMw%3D&from=2064092626&se=false&sc=image&biz_tag=aweme_comment&l=202506301530458104F53BF3B44FF32AB0', 'https://p11-sign.douyinpic.com/tos-cn-i-p14lwwcsbr/76c7118aca28482181816d29d6ca7a98~tplv-p14lwwcsbr-7.image?lk3s=7b078dd2&x-expires=1751356800&x-signature=DZCFM63OH9JE1QuwNXQg5RtXErs%3D&from=2064092626&se=false&sc=image&biz_tag=aweme_comment&l=202506301530458104F53BF3B44FF32AB0', 'https://p26-sign.douyinpic.com/tos-cn-i-p14lwwcsbr/76c7118aca28482181816d29d6ca7a98~tplv-p14lwwcsbr-7.jpeg?lk3s=7b078dd2&x-expires=1751356800&x-signature=Hg4VyroPoCGsS4RmGWjMOOAbHFQ%3D&from=2064092626&se=false&sc=image&biz_tag=aweme_comment&l=202506301530458104F53BF3B44FF32AB0']",25,2025-06-29 01:31:44,平头哥.Masa(不像張學友的小凱霖),https://www.douyin.com/user/MS4wLjABAAAAdfbnJjA7oDiXIaav9p3zgBe03m-VkT9wneZgKe8Mvzc,,未知,0,广东
7521170538158342970,我婆婆就是，我刚生完孩子她就给孩子乱喂一大堆乱七八糟的水，我说医生说不可以，她说医生哪有她懂，她生过两个孩子，医生生过几个孩子……我震惊掉了꒰꒪꒫꒪⌯꒱,,8,2025-06-29 09:03:01,🍋柠檬柚子🍐,https://www.douyin.com/user/MS4wLjABAAAAqWjE6Bk5I_P0VLLOEwRUyLu1q9u9CcR49CF0HCRfEGM,,未知,1,广东
7521612250659275562,不是你礼貌吗，放了整整30秒的校长，我都以为这期要讲校长的微操 [捂脸],,10,2025-06-30 13:48:29,☭Miller♞♛,https://www.douyin.com/user/MS4wLjABAAAAgy9_Ja1R35p2mL7TTdvinM8HZT9jPlHIn8CrHI0EWFUvaZ1Eouk9VPteJW0KFSzC,56596075809,未知,0,河南
7521409555797951292,我的博士生导师[看],,6,2025-06-30 00:30:33,风度翩翩的养猪佬,https://www.douyin.com/user/MS4wLjABAAAALZ0V_7lHatvU3PzW_BB1SeMHLtuhg5SCsrc-Oyh-XqNsOtt-gD8ekSKhKKqCE66c,Can_can_Mr_Zhu,未知,1,湖北
7521592231113016121,"有千里马的前提是，必须有一个好的伯乐
没有伯乐便没有了千里马",,2,2025-06-30 12:19:24,毛头,https://www.douyin.com/user/MS4wLjABAAAAdEgmAV9De6pIoiOUWoBBnmDhf_4KUPxQ4qbNEix82de2a0ttMlxu17ka6mg9Rtm2,39404505238,未知,0,山东
7521031726517781308,领导出几千块钱，要求程序员做一个内部AI系统,,19,2025-06-29 00:04:21,大兔_源哥哥喔🐰,https://www.douyin.com/user/MS4wLjABAAAAhxpRtcWTP5oTN8nqJU2lpwQw53V9agkfpINYjdsznyg,,未知,1,广东
7521011918355219238,突然想到之前回老家，某些初中就辍学的人说你高考至少也得有个600分吧。当高考像中考一样简单啊？[憨笑],,36,2025-06-28 22:47:28,满穗,https://www.douyin.com/user/MS4wLjABAAAA2X4f8WJfO3aPq50aVVqreG6qOVTK3ICXJNUOPHlnfeGSjEDVOvfTkjQp4vIu0Ts4,95628310802,未知,3,重庆
7521213118291460904,我大学学的政治经济学 我妈问我是不是可以去当省长了以后[捂脸],,2,2025-06-29 11:48:17,118,https://www.douyin.com/user/MS4wLjABAAAA4p06nDbRHBePQ3krvxC-tPNRE1-WzSHxHEENNV8eU7k,IlIlIllllIIlIll,未知,0,云南
7520941636496720697,开头我怎么想到了太阳[看],,15,2025-06-28 18:14:45,罐头,https://www.douyin.com/user/MS4wLjABAAAAq5_2JIcZ4AeLTkmKQCW51d8X1N04zgV-8CzjEQsrtnjnDu7FpKqW4OqufQJN14tr,LL94636635,未知,2,北京
7520967340624905002,虽然没有开头说的那么极端，但是我妈问我什么，我给她解决方法，她会先反驳一顿“不是 不是这个 不是这样 ”  最后我不理她 直接做了  成了， 一次两次还好  每次来问问题都要先否认一顿[泣不成声],,9,2025-06-28 19:54:30,老妪苦茶收藏家,https://www.douyin.com/user/MS4wLjABAAAAaRLEQ_G-VB4Q1P7CkukloqvVyr_vuSw4gnh2i-CJmII,,未知,1,西班牙
7521025446453199642,"领导：来来来 我教你怎么做[看]
到了现场
领导：就按照你平常那样做
不是…我第一次来啊[捂脸] 顶嘴又不太好[尬笑]",,7,2025-06-28 23:40:01,"疯狂水壶,",https://www.douyin.com/user/MS4wLjABAAAAdNca4qwpWLAcJ2M0DiUPdfiGXd75Sa5kKbtSg3GXirE,,未知,1,广东
7520983504425370377,一点不懂不可怕，可怕的是半桶水。我之前去应聘一个岗位，面试官就是半桶水，提了一个专业性问题把我搞懵逼了。因为这个问题的答案在我之前的介绍中已经说过了，他又问了一遍，我就没法子又回答了一次，精彩的来了，他直接给了一个他认为正确但压根不沾边的答案[捂脸],,0,2025-06-28 20:57:14,轩　　　　　　　　╲,https://www.douyin.com/user/MS4wLjABAAAAJsliCHK5Vc8kRQxJCLlGZ-Ef-G143zbO8lDRs2u0snI,,未知,0,安徽
7520917960425210651,东梦我问你一个问题啊,,109,2025-06-28 16:42:52,砚ㅤ,https://www.douyin.com/user/MS4wLjABAAAAt-mtuKFX8fSMbzShoDXETXYbX89ZpD9GykvZj1Wy4dqjLGWYKqT0gnIoJO6LaEK7,yyyyuuy,未知,3,加拿大
7520939369424503562,那现在找不到工作怎么办[流泪][流泪][流泪][流泪][流泪],,11,2025-06-28 18:05:59,阔以莫,https://www.douyin.com/user/MS4wLjABAAAAm-p_V_v0nTtWnSAX1vJHP_Q14z2H7E0QzNBi0UP-0rAFvGQ_-Cx4246M1dE4usW0,82186141742,未知,4,重庆
7520950261779891001,开头那句，我站门口把手机声音开到了最大声.，朝我妈放了一遍，然后赶紧溜了,,5,2025-06-28 18:48:13,马铃薯,https://www.douyin.com/user/MS4wLjABAAAAihyPoAhDYHBP3dGArGqENFyYYYCI-ATqc7BljZoFKQ8j1ZKxsyYtJY63jnbCkDBJ,dykupt2aian6,未知,0,安徽
7521030687715427098,我一般会说总座高见,,14,2025-06-29 00:00:22,榴莲千层,https://www.douyin.com/user/MS4wLjABAAAA_y2d4WvoDhJoKwSgYTz1CDNn1PmLiUzcnJN4iUu2fLcN7hbarW7oSa51u8wWBF6a,AKAbixufenkai,未知,1,广东
7521544574621713212,我也是年轻人，我经常给予我的学徒说[捂脸],,0,2025-06-30 09:14:29,心有余悸,https://www.douyin.com/user/MS4wLjABAAAAdYrdVX4KkPgtF-oBtzZmQSVT9oh_GXNqqqBFO9ubWwA,90336618196,未知,0,浙江
7521542948514349882,微操,,0,2025-06-30 09:08:09,骑单车的阿施,https://www.douyin.com/user/MS4wLjABAAAAKdpk2ESLcDOyhG80pcGAPDq6VwkjMsouTStCGW5PM7o,,未知,0,浙江
7521542714261898042,这就是嘴子,,0,2025-06-30 09:07:14,于不肥,https://www.douyin.com/user/MS4wLjABAAAAOyUO0Cc1d8gSnEvRni6C-UQIeP2Er_E18dVe5bEoivA,,未知,0,陕西
7521538133360755516,@嗯司南^ 这不月盈吗,,0,2025-06-30 08:49:28,gdese,https://www.douyin.com/user/MS4wLjABAAAAErpxeJKJT1rweoVFzN3k1AF7g3krmpvZBflcL2H8OeV6gAP3ma1RXkRbt6s3pTZn,nplbnb_20090926,未知,0,陕西
7521533522965955366,太多了[看],,0,2025-06-30 08:31:38,西徐庄奥特曼,https://www.douyin.com/user/MS4wLjABAAAA3dPlDGwGa8OIg6AOe_j4Awwkbuist_iMO5uTlw0Btlc,asi070809,未知,0,河南
7521530497923957564,我导师就是这样的,,0,2025-06-30 08:19:50,天一,https://www.douyin.com/user/MS4wLjABAAAAsMM88oZxjOrYn4ZO81IVcVrl1hJ2iAxaN8YLcpSPx0hKeCt8nJFJFRbvx8Tjs4qQ,TY_Jerry,未知,0,河北
7521525538097726267,3K 就该干 3K 的活，还另外培训学习,,0,2025-06-30 08:00:38,❤️情,https://www.douyin.com/user/MS4wLjABAAAAiJSaBcMJT6xBfwEoyC7Bi3swMp8t6q_lQ7p17zYU5aPvTKMdBWYPp4AeN6UDHIC0,43541832203,未知,0,四川
7521524741854036779,太阳,,0,2025-06-30 07:57:38,小心Tina的动感光波,https://www.douyin.com/user/MS4wLjABAAAA5ozbKcYtZm0zJVpOhES-N_jS5uhZri034JCDRoAuYX8,beyondlele920530,未知,0,辽宁
7521522111845155625,机枪阵地移两米[泪奔],,1,2025-06-30 07:47:20,黄河路天,https://www.douyin.com/user/MS4wLjABAAAAKcSPAm9YxTYmLrXH_WJ2NsI6KMMIEY9_rVr3DQ61PH6PK9lgKjKaXyz3EW1tOTJ5,59492030807,未知,1,河南
7521510061136298802,别说了，普通家庭里家长好多这样的。,,0,2025-06-30 07:00:35,深情迎风散.,https://www.douyin.com/user/MS4wLjABAAAAikHqBGBHQMiG3JoF8yb-5IMeNoXM4COaLlR45oejHG0,,未知,0,河南
7521507737369985852,24岁的准将[赞],,1,2025-06-30 06:51:32,三国灭霸吕奉先是也,https://www.douyin.com/user/MS4wLjABAAAAiXleIxTZl4xrk_9eqx_TNWKHZxMS3piDRQ4pyuIqg57DQppimGQvhOa7F5_rmxD7,59244232252,未知,0,广东
7521506451250185018,拿破仑根本不会打仗[泪奔],,1,2025-06-30 06:46:34,三国灭霸吕奉先是也,https://www.douyin.com/user/MS4wLjABAAAAiXleIxTZl4xrk_9eqx_TNWKHZxMS3piDRQ4pyuIqg57DQppimGQvhOa7F5_rmxD7,59244232252,未知,0,广东
7521505640876589883,听完前面几句，我就直到我该点赞加收藏了[看],,2,2025-06-30 06:43:24,三国灭霸吕奉先是也,https://www.douyin.com/user/MS4wLjABAAAAiXleIxTZl4xrk_9eqx_TNWKHZxMS3piDRQ4pyuIqg57DQppimGQvhOa7F5_rmxD7,59244232252,未知,0,广东
7521488578712552231,这年头评论啥都能火了,,2,2025-06-30 05:37:17,愉人,https://www.douyin.com/user/MS4wLjABAAAABYMON7XYDRL-hzPtVaddTG4lyEkt9nOr0FYeusLIs_o,D99999999991,未知,0,河北
7521479538712642361,我不明白,,1,2025-06-30 05:02:14,已读,https://www.douyin.com/user/MS4wLjABAAAAt9oeC7BfkoBgLkzBHxdi6riAkBso7geXewok1FM0j3th-UdQ7fljc216N-e0AwlG,86031943511,未知,0,湖北
7521450228106642215,？？,,0,2025-06-30 03:09:09,一澄,https://www.douyin.com/user/MS4wLjABAAAAfieuvV5Yzkp5BVLva_yI_mpAIyywOOhv1gdlzTYvVbg,,未知,0,湖南
7521448554310697755,推荐去哪儿了？？？,,0,2025-06-30 03:02:06,老舅超爱玩（三角洲行动）,https://www.douyin.com/user/MS4wLjABAAAAb_EgJzfboNbnk16qVJL722PEYSqf66MDXdQ6xjBMc-o,,未知,0,黑龙江
7521429204299825959,一个失败者，却把它吹的天花乱坠,,1,2025-06-30 01:46:55,健身,https://www.douyin.com/user/MS4wLjABAAAAdEG8NpgsMhrBKA7RozDYnkTGphKy53-a-UI_EcksDBI,64617596678,未知,2,四川
7521420127432246052,不管怎么讲,,0,2025-06-30 01:11:44,与君离别意,https://www.douyin.com/user/MS4wLjABAAAAZ--l9RQNCLl3FGMhTa6VUDjp7opArzScL1LBvbZX0tVDlbDs_nbt9xA7c_9L6MOt,76623392325,未知,0,四川
7521416789902689082,我不明白[酷拽],,0,2025-06-30 00:58:39,俯首揽星河,https://www.douyin.com/user/MS4wLjABAAAA4aSWH0G8vE5XaTAfib3CTIdFoA-HWrC0XvvQKVhqYr3OEEmteBymZ9x5MEP588r3,gouchen10,未知,0,江苏
7521204506891469606,"我爸，吃饭的时候谈起来上学，那是侃侃而谈，对我女儿说：谁谁谁，5岁就考上了清华北大[笑哭]，我听了都想笑，说：爸，5岁考上清华北大是不可能的，人家清华北大是大学，不是幼儿园，不可能招收5岁儿童。我爸听了还不服气，说：抖音上都讲了，这是真的[捂脸]
后面我趁女儿上学去的时间，给我爸说，以后这种话禁止在孩子面前说[笑哭]",,6,2025-06-29 11:14:52,Handsome Hu,https://www.douyin.com/user/MS4wLjABAAAAx0O2PmPnSPqkfMZEbvjSSabqecqaD-1GPpVvaDgxKqQ,soonzs,未知,3,山东
7521147496450704164,遇到过，我班长老是觉得我干的不行，直到有一次我请了一天假，他让老员工替我，然后那一天工位直接裂开了,,5,2025-06-29 07:33:38,背灯前影,https://www.douyin.com/user/MS4wLjABAAAAlm7sBnVDAYDKLsWV4jNdkhNWB9kNvlqvQxyS9JfyDjarwOz4LWutfnaSsEYHfLM8,lizeliniubi,未知,0,北京
7521235117495812902,我学机械设计的，领导让我做3D动画宣传片，说熊出没的水平就行[暗中观察][暗中观察][暗中观察],,7,2025-06-29 13:13:37,文蔚,https://www.douyin.com/user/MS4wLjABAAAAG9yScTsWemzG_ebK_OH1NO01BMYRAXXRzeVih7-N31A,63748441393,未知,0,贵州
7521180144552756020,谁懂啊，一打开抖音就有人要问我问题[流泪],,2,2025-06-29 09:40:22,去码头整点儿薯条🍟,https://www.douyin.com/user/MS4wLjABAAAAuYGyFQBc1AoDegfhyM99J5eL-_rAk8C7B-4rb-NwbHlhY0treD_A3ebIHtMFOYS5,1372340550wh,未知,0,山西
7521157001340306212,他只懂三分，但是哇哇的好像全懂[呲牙],,8,2025-06-29 08:10:38,狂飙日记,https://www.douyin.com/user/MS4wLjABAAAA4Y_HY6kTEve0Gci_Op_P7JhT5IAGi6mT2Pctp4tJoYM,186_wang,未知,0,上海
7520950797061882684,李良西皮的，你直接点我名就好了,"['https://p11-sign.douyinpic.com/tos-cn-i-p14lwwcsbr/2de6ade7f6d54009a2d0372f25d62c1c~tplv-p14lwwcsbr-7.image?lk3s=7b078dd2&x-expires=1751288400&x-signature=Y3dew79M5lPhhlSlmXcsJG83EUo%3D&from=2064092626&se=false&sc=image&biz_tag=aweme_comment&l=2025063015305016C1A84A843297B4C142', 'https://p3-sign.douyinpic.com/tos-cn-i-p14lwwcsbr/2de6ade7f6d54009a2d0372f25d62c1c~tplv-p14lwwcsbr-7.image?lk3s=7b078dd2&x-expires=1751288400&x-signature=71C0sDv3mIwZB1Jwx9I5%2FwkGNcU%3D&from=2064092626&se=false&sc=image&biz_tag=aweme_comment&l=2025063015305016C1A84A843297B4C142', 'https://p26-sign.douyinpic.com/tos-cn-i-p14lwwcsbr/2de6ade7f6d54009a2d0372f25d62c1c~tplv-p14lwwcsbr-7.image?lk3s=7b078dd2&x-expires=1751288400&x-signature=Lk4lf4hb4MJWjBaMjNtYj1lmREw%3D&from=2064092626&se=false&sc=image&biz_tag=aweme_comment&l=2025063015305016C1A84A843297B4C142', 'https://p11-sign.douyinpic.com/tos-cn-i-p14lwwcsbr/2de6ade7f6d54009a2d0372f25d62c1c~tplv-p14lwwcsbr-7.jpeg?lk3s=7b078dd2&x-expires=1751288400&x-signature=S0MZpw%2BQNUYwasso9AEfs56T9Ag%3D&from=2064092626&se=false&sc=image&biz_tag=aweme_comment&l=2025063015305016C1A84A843297B4C142']",1,2025-06-28 18:50:18,西瓜瓜呀🍉🍉,https://www.douyin.com/user/MS4wLjABAAAAcRHSY9toZV2Vw0BsKtVs2lPxXZcPPBfSqt7usUZovwo,36580278262,未知,0,河南
7520965790184997692,我爸好像和你说的每一句话都一样,,2,2025-06-28 19:48:28,卤蛋叔,https://www.douyin.com/user/MS4wLjABAAAAUeCa7SR0OGENSI3_YYt_iKosvncksngQgig_tlPKwSA,xuliewu16831,未知,1,江苏
7521018587126203182,领导：百度不就是一个搜索框吗？复制一个很难吗？,,78,2025-06-28 23:13:22,用户8500202222456,https://www.douyin.com/user/MS4wLjABAAAAHz4AQczMa9xuhQyTBIrTgqnQvW2a25DFDyJsnQLOi7tlA3YV70p83bX8IrbFAQqf,83441548178,未知,3,广东
7521628027362231090,真实案例：我前前老板被对手散播网络对他负面的信息，他命我想办法找朋友删掉，还没有费用,,0,2025-06-30 14:38:22,大王叫我来巡山,https://www.douyin.com/user/MS4wLjABAAAABUAnDORSKFOCffnqJ1X9kY4mW8HDHM2QhP6kr_K77oLuoYJLmxMz4ZetEaMGOxPI,26316695303,未知,0,河北
7520933591444341542,我领导就是这种怪鸟，然后我当着几十人的场合下大声对着他开骂，气的它直哆嗦！后来我就被调岗降薪了，最后被优化了[捂脸],,61,2025-06-28 17:43:36,野人花园,https://www.douyin.com/user/MS4wLjABAAAAQ1NNEgS9E7v6tnCWwr4WxBtAYzNiFvjzbmfLBFAg0Jw,,未知,3,天津
7520958412542083840,笑死了 我爹天天望子成龙，可是他什么也不教,,40,2025-06-28 19:19:55,叶樹,https://www.douyin.com/user/MS4wLjABAAAACOoQZKiiSNlUcZpR1FWZ2qbX369aPnOy4NYaiFFtGbc,,未知,1,日本
7521048961551008538,看你火了，我很不爽（四年老粉）[微笑],,7,2025-06-29 01:11:22,秋思乄未铭,https://www.douyin.com/user/MS4wLjABAAAApi17ivgBu6taD8QNGTi4X2xegeq4479UCn_C1cY3xpEOG6bR3Ieu0-fIlmRL11x-,61230672640,未知,2,江苏
7521004629372699443,国企领导特别多[暗中观察],,37,2025-06-28 22:19:13,无可,https://www.douyin.com/user/MS4wLjABAAAAMlnls3dQxkwE2gtO5rnCp8ilyZK59O31nV0dX1t4KXE,PO905,未知,1,安徽
7520972084340949819,遇到这种领导我只会说：总座高见[微笑],,23,2025-06-28 20:12:53,归鸿,https://www.douyin.com/user/MS4wLjABAAAAYp9X8YtiPsrKsC74bR8EjjOzOr_zRb0CX5wGOrFDitI,,未知,0,广东
7520972194990736188,两个月给我发了不到300块钱 只休息了3天 欠我8k多 说得好像我穿了黑鞋子她能把物业费收上来一样,"['https://p3-sign.douyinpic.com/tos-cn-i-p14lwwcsbr/a4fe8503f4a0498cb550d789122c5ce6~tplv-p14lwwcsbr-7.image?lk3s=7b078dd2&x-expires=1751288400&x-signature=HrlEIfjv5yYpBCQ9fFxMt67LIXc%3D&from=2064092626&se=false&sc=image&biz_tag=aweme_comment&l=2025063015305016C1A84A843297B4C142', 'https://p11-sign.douyinpic.com/tos-cn-i-p14lwwcsbr/a4fe8503f4a0498cb550d789122c5ce6~tplv-p14lwwcsbr-7.image?lk3s=7b078dd2&x-expires=1751288400&x-signature=KHEU1%2FZX0qP3X%2BXRzmH8QL4VOCI%3D&from=2064092626&se=false&sc=image&biz_tag=aweme_comment&l=2025063015305016C1A84A843297B4C142', 'https://p9-sign.douyinpic.com/tos-cn-i-p14lwwcsbr/a4fe8503f4a0498cb550d789122c5ce6~tplv-p14lwwcsbr-7.image?lk3s=7b078dd2&x-expires=1751288400&x-signature=2KNWpseEcjGixywN40aWcr4JSLs%3D&from=2064092626&se=false&sc=image&biz_tag=aweme_comment&l=2025063015305016C1A84A843297B4C142', 'https://p3-sign.douyinpic.com/tos-cn-i-p14lwwcsbr/a4fe8503f4a0498cb550d789122c5ce6~tplv-p14lwwcsbr-7.jpeg?lk3s=7b078dd2&x-expires=1751288400&x-signature=ofvXd9VUWSY%2BcMb6JPEwMXW8wVI%3D&from=2064092626&se=false&sc=image&biz_tag=aweme_comment&l=2025063015305016C1A84A843297B4C142']",9,2025-06-28 20:13:18,胆小的猪猪（恩师毛教）,https://www.douyin.com/user/MS4wLjABAAAAr8hPhDF11ZzHSOjNkyMYSIBKP-7xsSq4luLcnHfxREo,81460859075,未知,6,湖南
7520999853665862441,对，对对，还有经典话语:我不知道咋做是对，但是我知道你这么做不对[泪奔],,2,2025-06-28 22:00:41,幻影丶传说,https://www.douyin.com/user/MS4wLjABAAAAx1YBSKA4FVuaWyFgGuerV_Zv9IEA-0SCJv_HnV3zYt7M2XHa-zl8rJG15jWNxmu0,huanyingzhuc,未知,0,广东
7520968497346921276,来来来，上领导处决名单[憨笑],,11,2025-06-28 19:58:58,听以澈,https://www.douyin.com/user/MS4wLjABAAAADSX29t_bmF_-EB_zLSArL2SMAx49BICT7_YnQxDTYxmfpdT6fQe4CQxKe-jnLFvl,27449165689,未知,0,山东
7521120969211003688,朝鲜那位将军[看],,39,2025-06-29 05:50:53,希望きぼう,https://www.douyin.com/user/MS4wLjABAAAA-pns0sjsZCoy1sEowYvJsrXyMW2uW16XgDt0dyjMFN0,,未知,1,浙江
7520932870103089978,别说领导，我爸就是，有时不得不佩服[捂脸],,13,2025-06-28 17:40:44,🌈素玖,https://www.douyin.com/user/MS4wLjABAAAAVvSSa7i1TXYU-yZN7PXGKyhjdRjb7qD4kRo73VzJQPs,,未知,0,广西
7520984516010377994,赈灾款一定要用来赈灾[赞],,93,2025-06-28 21:01:08,laoego,https://www.douyin.com/user/MS4wLjABAAAANMIxV-Xom3e7VgXV0ESwgmmLJ7EpKWTJC8bU5uH80Iew3RaHQ9GCRlv1VdYQVaik,laoego,未知,5,河南
7520929298489213753,你说的不就是黄磊吗[捂脸],,109,2025-06-28 17:26:52,羁鸟恋旧林,https://www.douyin.com/user/MS4wLjABAAAAnW68OcQjLEME5D26ctHsqeuCCDXfEt69VwJBrRoN9uMin47-HOq6GxjcZUZa7cT3,72248427691,未知,3,安徽
7521033038454407975,我没有上过一天军校但我征服了整个欧洲[看],,2,2025-06-29 00:09:29,我是米饭,https://www.douyin.com/user/MS4wLjABAAAAI_RIH1q2_8RJrETTIF899G-yiTFn9zJQhUZebgqzI43vb2njOxdbYYuN8Hy-FFpT,96190607674,未知,0,河南
7520980111145222969,"“不知三军之权，而同三军之任”
“这三个勿字，总统全占了”",,0,2025-06-28 20:44:03,行路人,https://www.douyin.com/user/MS4wLjABAAAAa4JkDXKTx8ItK3vBAHjdwG6FDBlUZc0UZdIlnDAa65s,AAAAHEHFIRJSUD12,未知,0,广西
7521238668155290427,我还是喜欢这种领导：我不管你用什么办法，这件事给我办成就行。不会强行指挥，把自己的想法强加给你。[呲牙],,11,2025-06-29 13:27:23,梁侃,https://www.douyin.com/user/MS4wLjABAAAAIzCPt7Tgasqe_IgEJ4A1yxuTb98F-JQyAKzl5abl3qM,liangkan1635,未知,1,IP未知
7521259581806527247,我年轻的时候就遇到过东梦你说的这种领导，后面被他训的多，他终于亲自出马调度协调，结果整个项目。。。。。确实做的又快又好，从此以后我们整个组的年轻人更拉胯了，累死他[呲牙],,0,2025-06-29 14:48:36,Alex.璀璨星河,https://www.douyin.com/user/MS4wLjABAAAA1njLZZrcIM06n4tR6CuXT2xWpaGDBBy_olObA7Xzano,,未知,0,广东
7520935513609405244,黄磊？,,2,2025-06-28 17:50:59,人生就是在享受等死的过程,https://www.douyin.com/user/MS4wLjABAAAACBCEcj1jYMMnIZPov-pzAOwG1ZmtDltso0UGjMJBYv8,deng_si_zhi_ren,未知,1,上海
7521621752558256946,将在外军令有所不受[看],,0,2025-06-30 14:13:58,bjnbbjj,https://www.douyin.com/user/MS4wLjABAAAA3wXc72zbeWbzlFHjwwsxdGq72Gx-PyJdFdNIhlbyp518FS-8IYF1QcALzdhqW169,83745469714,未知,0,江西
7520952162470560512,"嗯 你说什么
我说总座高见[憨笑]",,3,2025-06-28 18:55:38,五十八岁小学生,https://www.douyin.com/user/MS4wLjABAAAAsZzJJ-C5mQmFF2BUHH_A6S-p1NjjX-puJdLJcRGbJPxZJpj02LU8dBD7OhUWU1zn,69070276756,未知,0,甘肃
7521201226470638346,所以，我小学希望杯，数学奥赛，英语奥赛，拿了国奖；初中数学、物理、化学、英语奥赛拿了国奖；高中化学奥赛国奖；高考600+，所以也可以按照这个标准要求自己的后代，没问题了吧？,,9,2025-06-29 11:02:05,朱雀,https://www.douyin.com/user/MS4wLjABAAAAQ_ipAUFi6lx3WmGkpsPMGqamekjM9hFWFnPJC3pud9IuluBr67k76xtxT0fX_oc0,24855307333,未知,6,天津
7520918784414008121,你说的不是我妈吗？[愉快],,17,2025-06-28 16:46:04,不是淘气的淘,https://www.douyin.com/user/MS4wLjABAAAA_Eb4LooQUj5wxIt_8ZzmihPKvV64dY7VdJT70bVepOM,hcuxhguvicujxyvh,未知,1,广东
7521412529290134306,法国拿破仑之后在无战神,,0,2025-06-30 00:42:14,Remo,https://www.douyin.com/user/MS4wLjABAAAAsALTWzFN1LCDxre8VQrjP98fAjPqC-E1WG4Yz0tIthY,,未知,0,河南
7521411000320000794,班主任算吗,,2,2025-06-30 00:36:11,喧嚣.,https://www.douyin.com/user/MS4wLjABAAAAZoxkIK8x6Vgi7_W5h9w43jENdnUYVcj-CTtaHagJJso,93245809789,未知,0,江西
7521399724202230555,经常,,0,2025-06-29 23:52:23,堇色@An年,https://www.douyin.com/user/MS4wLjABAAAAY8SySQgCKSL9KuTv2-RBVi_l1SzH9ajEuti-klEIQxxXSeLf3O1sPuaQmdSx5Vzf,88188824566,未知,0,甘肃
7521390493106176831,[比心][比心][比心],,0,2025-06-29 23:16:37,ԅ(¯﹃¯ԅ)东哥,https://www.douyin.com/user/MS4wLjABAAAAd4Y8DlOjwegrYegwwZFF5rZUmrjnLiTO7JLwk1sMTW2sZnpwYUYN7mb3SVIoxsRd,58635320115,未知,0,湖北
7521390117497914122,刘勇[憨笑][赞]@07AK天才少年,,0,2025-06-29 23:15:08,枫叶红前重逢,https://www.douyin.com/user/MS4wLjABAAAAXc1tAbazu1I4yECrP_rfb_zDyUX6aTklWxizYqyEdJKNfHLXFhEa7-XX9JmPn3Hn,fengyehongqi23,未知,1,湖北
7521380428340626185,你又问,,0,2025-06-29 22:37:30,GT,https://www.douyin.com/user/MS4wLjABAAAA_3QnAHh3vLinaidZ-sPrNXzpH3yFUmMW-d9mOv0wV9yJTLeLGk4kuQhkHuKuqHGK,76779533631,未知,0,陕西
7521376394149266239,除了技术岗，大多数的领导的能力都比打工人强！你还别不服[捂脸]！,,8,2025-06-29 22:21:51,第九特务,https://www.douyin.com/user/MS4wLjABAAAATCkiqEUr6uXYMBhlJBVFCokLePWUExvC6QeoERCuhziwPnp86Qjt5CzNf_lyTjxN,hx3561738,未知,2,浙江
7521375696380707584,到处都是，说年轻人狂妄自大。殊不知他们自己才是最目中无人的,,4,2025-06-29 22:19:09,三穗金态农业科技有限公司,https://www.douyin.com/user/MS4wLjABAAAAgUE-txCnzwsZH04HoV38dVxLo1LFxeUC2QyeShtoRJwXvZhc3ZOrJLJtLNMfJodF,sansuijintai,未知,0,贵州
7521371362553168682,多 多的很,,0,2025-06-29 22:02:19,洋。,https://www.douyin.com/user/MS4wLjABAAAApWuV0mZPVfZz9c92wB5ZXYQstYYrHDZj3PFlKb3MUgKcAzigImw-viq5C5J_6Fi9,hei.shiyangyanga,未知,0,广东
7521366085476893499,足球,,0,2025-06-29 21:41:49,bwv,https://www.douyin.com/user/MS4wLjABAAAAa_oc5SME0Aa1tGAoihN0YGEyPSn-nSp4Xzn7B3wtmeA,dy6naq716a8m,未知,1,山东
7521364261421384491,我爸[憨笑]问我为什么不结婚，说现在女孩子加起来太容易了，然后如同开头那样说，然后一加对面的女孩子vx，就被拒绝[憨笑]，然后回过头来还跟我说一大堆大道理[憨笑],,1,2025-06-29 21:34:46,—— 展开62条回复 ⌵,https://www.douyin.com/user/MS4wLjABAAAAUhvEYRXzauW4x-eICKyk50EhEdKtQOBkgIKkTuKT3Lo,,未知,0,广东
7521361810156880700,[坏笑],,0,2025-06-29 21:25:13,胖胖,https://www.douyin.com/user/MS4wLjABAAAApEfXUagL8JvQ9ktF2axtciITUH41fyzhGnqP31XeJQ7xQ9Kghe2cvL3h9kMoP_Ku,87416449925,未知,0,湖南
7521359510356263707,老辈经典我吃的盐比你吃的饭还多,,0,2025-06-29 21:16:18,愈诚,https://www.douyin.com/user/MS4wLjABAAAAoO5NF9LhOSD4RaD_c2XmJ2b9Nzn3grnndnq_LEkLWR6maC2DPlUt-PhhOz6tgrh0,ccc42369,未知,0,海南
7521358997150401295,,,0,2025-06-29 21:14:23,用户2404177010930,https://www.douyin.com/user/MS4wLjABAAAAUsXAv4KWH-pT5KvG54gEjlOf-K4TYAob8nZqDuQ4Cv_xIcTm4ewy7vh9BJBVSnp6,87377598497,未知,0,广东
7521357862510789386,窝不明白[微笑],,0,2025-06-29 21:09:55,北风与太阳,https://www.douyin.com/user/MS4wLjABAAAAYaFORLBa7LsYzCbMJUaaAsIWqbGed3n-ARwkU0_hAQUpNMYs9KbWpw7BUIpKHsJ5,80142034177,未知,0,安徽
7521357830680085282,麦克阿瑟：我输了一辈子五星上将还不是手到擒来，但凡我是其他国家军事长早就上军事法庭被绞死。,,0,2025-06-29 21:09:49,“酒”葫芦,https://www.douyin.com/user/MS4wLjABAAAAR2Hpmk_dxEgbFKvJjZCJeyqUxb6t4LbNIcaxfi7pBQc,,未知,0,广西
7521357036300813091,你以为他大智若愚，其实就是蠢，胆子大点，运气好点。,,2,2025-06-29 21:06:47,只鸡絮酒,https://www.douyin.com/user/MS4wLjABAAAAZ6Katt8RR0INAeOjpAXE56ij1B5gmG-03lf4ipbOcuI,71595478072,未知,0,江西
7521348927665996579,你说局座牛逼,,0,2025-06-29 20:35:16,🛫哆啦A股梦,https://www.douyin.com/user/MS4wLjABAAAA0EBTIi2d6QBLbC8rruXr0XnTDqsAgJNGNfBFzZM8_2-p6UPCVdnxe1NjYfNaivHq,HeTai_58,未知,0,上海
7521347681995735817,明知山有虎别去明知山[捂脸],,0,2025-06-29 20:30:25,🙋,https://www.douyin.com/user/MS4wLjABAAAAORlF5XdhYQiLHV_WeKi7ZFm-fvqlfls0Wsd5eQwEK58,12345678910kuba,未知,0,安徽
7521341765984682791,飞机是天上飞的，车是地上跑的,,2,2025-06-29 20:07:33,Dying Tom,https://www.douyin.com/user/MS4wLjABAAAAh1N5NQYf5ryqS2xav4mg0ZFGCJLxgEn4JnOtPEaemQYs_Miz-NvYmVDAaskArXkV,tear.rain,未知,0,重庆
7521063245013336832,我前领导，业绩每个月都亏损。给区域领导上供保住了工作。而我没去他部门前，公司业绩前三。区域领导为了他把我弄过去，结果他还不放权给我，自己弄～～[呆无辜][呆无辜][呆无辜],,7,2025-06-29 02:07:01,维C果粒橙,https://www.douyin.com/user/MS4wLjABAAAAEIo8b_qG37dtwXX4vpFkFHa6I2gFdoTWZHnt_r8Y4zc,dyw4giz5kfyb,未知,0,重庆
7521196133378867968,我的领导：“你去做一个聊天软件，把微信干掉”[愉快],,18,2025-06-29 10:42:26,小嘉诚,https://www.douyin.com/user/MS4wLjABAAAA6TknAd5R4I1aEJ9gja66mbtRMYcidjDDo5yse4O6ERs,A2563731772,未知,0,云南
7521013936986047290,上次有个客户（总监）让我开专用发票，说专用发票可以给她们公司抵税，然后我说您猜那个专用票税点多少，谁出呢？,,0,2025-06-28 22:55:19,起可查,https://www.douyin.com/user/MS4wLjABAAAA_ATbeqeftf43qQRru8ZQZLbCWOgm248XYnCPpOwta7Y,,未知,0,广西
7520995893706507034,"老板：**************
我：总座高见",,3,2025-06-28 21:45:18,瘦肉老师,https://www.douyin.com/user/MS4wLjABAAAAXST0s80mklUzz1D0OLJQ0K-sIgOOohHMFx9xYKDv_7lMtSR9U3Af2qS9ylQ2opgO,shi61527,未知,0,山东
7520920933818123066,经典的审核看视频看入迷了系列[捂脸],,12,2025-06-28 16:54:24,刘硕予,https://www.douyin.com/user/MS4wLjABAAAAd0i0RgrAn0ZtvqU2bkNUKcqzZdHSn9P1MDs-p5hPgJ8WSCgWqf1kNlamErBbWs9s,Liushuoyu11,未知,0,北京
7521262615004906298,这不就是我老板吗,,3,2025-06-29 15:00:18,或kk,https://www.douyin.com/user/MS4wLjABAAAAqDLs9sLfVs3DYOcru4sZisMDlBCoTB3Y-7Ke6JZVv9SGU_pfuQheLNFpUG8d66j1,89267710876,未知,1,上海
7520976348136457018,这不就是我亲妈吗,,14,2025-06-28 20:29:26,到底是谁拿了我的外卖,https://www.douyin.com/user/MS4wLjABAAAAuWfxZEQMmeqTvVjzrhm8q4XKONvbszzS1KIxZ_jrTX1O7OWsjjpUsB2WL3O6ENR0,51438458857,未知,2,海南
7520959899884585771,预算十万，让我去收购京东！！！！！,,17,2025-06-28 19:49:03,边城斌子,https://www.douyin.com/user/MS4wLjABAAAAk9MX21M1OQw-y1t_5gacbHMijUoeuxlZhkTC_c4_fdU,,未知,0,河北
7520941283138159403,明知山有虎，别去明知山。[赞],,5,2025-06-28 18:13:23,小三班扛把子,https://www.douyin.com/user/MS4wLjABAAAAuImnyvPfRy-secEiEK4nORcmogH4Y7TrkJtk1LRItDI,,未知,0,江苏
7520949287104332601,看到了吧 洋人到了17世纪才知道地利的重要性[尬笑],,10,2025-06-28 18:44:26,一拳超人,https://www.douyin.com/user/MS4wLjABAAAAk2KJujw7e8wrWpVR9n0578Tlsw2KLXmBgVUAitv1UYc,TCLY888888888,未知,0,安徽
7521318021685035835,多的不得了，他错了，但是他说了你就得认，事后你还得补救，补救完了还觉得是你应该的[抠鼻],,4,2025-06-29 18:35:18,安🍃、,https://www.douyin.com/user/MS4wLjABAAAAz0ddMxQDHRsckjDMvXY1I0sUNk4lyW8gFEH5g8MZ-KY,Han19729721,未知,0,广东
7520919048512799548,那口味儿很重了,"['https://p26-sign.douyinpic.com/tos-cn-i-p14lwwcsbr/a01bf761ad8b4ee489ed6bd2b77538f4~tplv-p14lwwcsbr-7.image?lk3s=7b078dd2&x-expires=1751356800&x-signature=FspzzU7iDoCn4mp7nbCrMZHYkJM%3D&from=2064092626&se=false&sc=image&biz_tag=aweme_comment&l=2025063015305467094F3EE1FC97BE4D5B', 'https://p3-sign.douyinpic.com/tos-cn-i-p14lwwcsbr/a01bf761ad8b4ee489ed6bd2b77538f4~tplv-p14lwwcsbr-7.image?lk3s=7b078dd2&x-expires=1751356800&x-signature=tNnSfd4hh67D%2BNcNV9NWJunYBTw%3D&from=2064092626&se=false&sc=image&biz_tag=aweme_comment&l=2025063015305467094F3EE1FC97BE4D5B', 'https://p11-sign.douyinpic.com/tos-cn-i-p14lwwcsbr/a01bf761ad8b4ee489ed6bd2b77538f4~tplv-p14lwwcsbr-7.image?lk3s=7b078dd2&x-expires=1751356800&x-signature=ivZbDYdOvlV3PZjnpUe8DE2J0pM%3D&from=2064092626&se=false&sc=image&biz_tag=aweme_comment&l=2025063015305467094F3EE1FC97BE4D5B', 'https://p26-sign.douyinpic.com/tos-cn-i-p14lwwcsbr/a01bf761ad8b4ee489ed6bd2b77538f4~tplv-p14lwwcsbr-7.jpeg?lk3s=7b078dd2&x-expires=1751356800&x-signature=m5%2F%2B%2BG8fPgSAYwctTtuSuch5SnI%3D&from=2064092626&se=false&sc=image&biz_tag=aweme_comment&l=2025063015305467094F3EE1FC97BE4D5B']",44,2025-06-28 16:47:06,光头牛(暗区突围),https://www.douyin.com/user/MS4wLjABAAAAaVlmcxtrah6hvP3bpWTnxPQTT7MlUIR2eFi82pJwxOM,94817597368,未知,0,河北
7521024738916795194,你说谁不懂？,"['https://p26-sign.douyinpic.com/tos-cn-i-p14lwwcsbr/d02e2f7062954cc7b5a03010d110f1fe~tplv-p14lwwcsbr-7.image?lk3s=7b078dd2&x-expires=1751356800&x-signature=2YunJDAlDAO2P3qw%2BoggGBP9O6c%3D&from=2064092626&se=false&sc=image&biz_tag=aweme_comment&l=2025063015305467094F3EE1FC97BE4D5B', 'https://p3-sign.douyinpic.com/tos-cn-i-p14lwwcsbr/d02e2f7062954cc7b5a03010d110f1fe~tplv-p14lwwcsbr-7.image?lk3s=7b078dd2&x-expires=1751356800&x-signature=hHLh9TVkwJIYlolePK24ajtY5E8%3D&from=2064092626&se=false&sc=image&biz_tag=aweme_comment&l=2025063015305467094F3EE1FC97BE4D5B', 'https://p11-sign.douyinpic.com/tos-cn-i-p14lwwcsbr/d02e2f7062954cc7b5a03010d110f1fe~tplv-p14lwwcsbr-7.image?lk3s=7b078dd2&x-expires=1751356800&x-signature=mErP7FZ26n%2BEJj3dSN%2FtCyo7ceI%3D&from=2064092626&se=false&sc=image&biz_tag=aweme_comment&l=2025063015305467094F3EE1FC97BE4D5B', 'https://p26-sign.douyinpic.com/tos-cn-i-p14lwwcsbr/d02e2f7062954cc7b5a03010d110f1fe~tplv-p14lwwcsbr-7.jpeg?lk3s=7b078dd2&x-expires=1751356800&x-signature=zYuiu6HU3kvSMEVwJEUr2GPtAJc%3D&from=2064092626&se=false&sc=image&biz_tag=aweme_comment&l=2025063015305467094F3EE1FC97BE4D5B']",4,2025-06-28 23:37:15,情感难以抑制,https://www.douyin.com/user/MS4wLjABAAAAp8agTZiuH5Uv9z97We2BdMd_6Hvfh3LRuF-o2OpChp8,28740399778,未知,0,重庆
7520952342897623827,所以真正的好领导只需要会用人然后开会就行了[九转大肠],,4,2025-06-28 18:56:19,羁鸟,https://www.douyin.com/user/MS4wLjABAAAAfAu_ojV2inUiuEyRIvbSbWbVoOqKtwm9Buw2wJzaito,,未知,0,北京
7520936056293589817,刚遇到[蜜蜂狗]我联合股东让老板退股了走了,,3,2025-06-28 17:53:06,吳心,https://www.douyin.com/user/MS4wLjABAAAA2EbkTwa2m0W-Ehb6RL4TTn8yi7_XbmOgd5Qt-D7dZL0,SSRWQL888,未知,0,福建
7520922861515801378,"乐中带唐，唐中参乐
简称:",,4,2025-06-28 17:01:56,Star,https://www.douyin.com/user/MS4wLjABAAAAMtjxA-daHVKZ0NWVSGFCbAHSa0RBKwe1LJQ79pGFt7I,44135234705,未知,0,广西
7521252869988909824,部队一大堆[憨笑],,0,2025-06-29 14:22:34,🌈断剑重铸之日，骑士归来之时,https://www.douyin.com/user/MS4wLjABAAAAoM_rV1l2wGU8OH04cLVGWa1C_vOxMDhDjeh-GhJJiUI,fanht0813,未知,0,河南
7520978292485292838,我知道我不懂，我还知道你不能没了工作。,,3,2025-06-28 20:36:58,###,https://www.douyin.com/user/MS4wLjABAAAAfwmuZ-PW2qIKvAf6vlR3wGDQKeDf7wA6JLXyX4LilVo,xiabukaisen,未知,0,广东
7520977194147922727,校长:你为何要放我的视频？,,3,2025-06-28 20:32:44,风帆起航,https://www.douyin.com/user/MS4wLjABAAAAwsHjKUkxWoeyMeaQk5LTu52nmwHJ735lHzHfzWQpxpg,guzipiaoling0799,未知,0,江西
7521265008845046582,我当兵的时候卧推300公斤,,0,2025-06-29 15:09:36,猛干小米饭,https://www.douyin.com/user/MS4wLjABAAAA231lx1bkQoGakGKSIiHWtAFr4X5LMAc0eKIpAfDa6m6fX6TBWmtSd1A0bb4iZpVM,70034891455,未知,0,河南
7521163176097186614,可恶的指挥官居然埋没了一个天才[微笑][微笑][微笑][微笑],,13,2025-06-29 08:34:30,拿破仑.波拿巴,https://www.douyin.com/user/MS4wLjABAAAAVMsKTHQnemtCKqCe6fXMUPjnIlKFbvh03AtySDUdHuPhCawCCrwaYs8VOvqxXOfo,89025175066,未知,1,湖南
7520934013625844489,常凯申：直接报我身份证吧,,5,2025-06-28 17:45:13,菜菜菜,https://www.douyin.com/user/MS4wLjABAAAAb-8WdCtSWr5ddslckHVQNFvcWQICdwM-kJ29n1FLLGw,,未知,0,四川
7520941423781724986,反斜面。。上一次我还是看我的团长我的团呢。。。,,2,2025-06-28 18:13:55,东君（诗词爱好者）,https://www.douyin.com/user/MS4wLjABAAAALsESSX-yuuCC6PK4buJPdtRVEF0vv2rVzOR08bQosbs,,未知,0,辽宁
7521036888750670649,领导无论去哪里都是去指导工作的。无论哪个部门。,,4,2025-06-29 00:24:25,ggw,https://www.douyin.com/user/MS4wLjABAAAAqCxu9n7bOR3sG7BjfuYrX4zeXOTk7yj0RorCYvnAFadNad7jQID_vSdqV5n3nSoH,26846844819,未知,0,贵州
7520967853031523130,我们学校的那个教导主任[发怒]什么都不会什么都要装说自己是研究生毕业结果教导主任穿水电工的那种服装那肚子能装下来一个我穿个灰色的衣服远处看还以为是个石墩子呢[发怒][发怒]天天就是校纪校规,,2,2025-06-28 19:56:29,秋天的谎言,https://www.douyin.com/user/MS4wLjABAAAAS-8Eh-LlVaenEiBGSBcc36jEDFp-oPNaJPr14F2KuBZ3YGCASKjMQ-eWpC45CveC,55448921116,未知,0,上海
7520952850563941139,真是特别喜欢嘲笑别人，但凡是他了解过一点儿那就是唯一的权威了，天天说二三十年前的那点儿经验，还特别上头你就是突然说点别的他也先歪嘴冷笑，拿呛拿调的我就说你什么都不懂，早形成肌肉记忆了。,,2,2025-06-28 18:58:18,金小虎（我唯一亲生的小孩）,https://www.douyin.com/user/MS4wLjABAAAAIFNJJu-hxY-NwTSD31BS44gJWkPGRNHdaqNTvyaQ3Uo,xiaohu.......,未知,0,北京
7520918768407675702,大多数不都是这样的吗？而且还得违心迎合他，心里早就甩他几十个嘴巴子了,,27,2025-06-28 16:46:04,雪域霜刃,https://www.douyin.com/user/MS4wLjABAAAAIwiqeiz3FdUVfkHBZero7AUoYpvz9S8hRIeELY2L5Sd-4O5L2U3Fx5DPndF5dkNr,nixianren301,未知,1,甘肃
7520952296625537811,大学社团篮球交流赛，我得了一半以上的分并获胜，赛后被批没有团队精神[酷拽],,66,2025-06-28 18:56:08,歐陽.,https://www.douyin.com/user/MS4wLjABAAAAAtkUd0R8MSDvlw-mMixr_JaGhz4eP9QFS1BCC_oXd5s,OYJHBDG,未知,5,湖南
7521638431057232699,黄老师,,0,2025-06-30 15:18:41,把花送给you,https://www.douyin.com/user/MS4wLjABAAAAj0I6L2go6B2xh707CiPAW1-1l08Lpph2iHtAvcUA0_Kw-Un0IM4aunTEMY5BjLVn,69771849682,未知,0,江苏
7520997361251337011,他总是说优势在我,,1,2025-06-28 21:50:59,X,https://www.douyin.com/user/MS4wLjABAAAAB6e8E6drZec99dTj1hs01qWqUimgZqQSfJYzJYrQBMw,,未知,1,广东
7521337793832108850,《我不明白！》,,0,2025-06-29 19:52:06,小时同学,https://www.douyin.com/user/MS4wLjABAAAAsf94hRZvoW_zODBzTVGIleEe0peFVkIthnz2HddqOqg,54songbo,未知,0,安徽
7521337777608098620,我就遇到过30分钟干不完的事他说他自己十分钟就能干完[捂脸][捂脸][捂脸],,0,2025-06-29 19:51:58,她有胃病爱吃辣,https://www.douyin.com/user/MS4wLjABAAAAkjMplbiTPbEJDgJaJnG8aP7KjfEwLH4rmvn8fg8uIoze_DRRhPpbEC88TLNvDnRe,wyyxhnyg,未知,0,甘肃
7521333496233853742,[微笑],,0,2025-06-29 19:36:05,I希望之光,https://www.douyin.com/user/MS4wLjABAAAAdBD9Gd9qN98oAAWtjTfuu4uLrFKOhd-ItyUHXdClOx4,63812772236,未知,0,山东
7521324028692628284,为什么一定要说他不懂[泪奔],,0,2025-06-29 18:58:38,em,https://www.douyin.com/user/MS4wLjABAAAAeIVfS4Hl_Whdrq-SSpGMFsk68LLRWYVrmvmGjDjesg4,em76252,未知,0,贵州
7521318748726280970,有啊，我导师就是,,0,2025-06-29 18:57:06,annashabai,https://www.douyin.com/user/MS4wLjABAAAApGamIptmkj9ZQZVvHK_08PloKjyizhQQN_WGpJ60BYm6ysAN12jhfgKVFKmG9jir,annashabai49,未知,0,山西
7521318875187725115,必然遇到过，人生一难吧[尬笑],,0,2025-06-29 18:38:37,昏古起了,https://www.douyin.com/user/MS4wLjABAAAAhZeVT19sAVyLSoblQvQU4iUc3Osb-eVKn_gJhLWHVmo,,未知,0,上海
7521316633023333177,！,,0,2025-06-29 18:29:56,一口气吃四个包子,https://www.douyin.com/user/MS4wLjABAAAAcjLy8zxtk9lxwv-c0zNHvGvdijH2uCKyrqFdE4DbFD4,,未知,0,重庆
7521313674725917499,别在问我了，我真的什么都不知道[流泪],,0,2025-06-29 18:18:27,梓,https://www.douyin.com/user/MS4wLjABAAAAHkMgz1SOoLi22yk_hlw-hENX8f8KcztHLwDFie9c13wsSOnEqepC6KwbbempHjB6,zi50277,未知,0,广东
7521309994848912138,黄磊,,0,2025-06-29 18:04:13,吴帅,https://www.douyin.com/user/MS4wLjABAAAAbwjQeuA9CPv30AENs-m4AVVXjEuW_TgvUDUcl7x0y5Y,2481406718h,未知,0,湖北
7521309216126436153,24岁将军,,0,2025-06-29 18:01:09,还知,https://www.douyin.com/user/MS4wLjABAAAAdcKvAVX69LeZVNL5SAiVO-wKIWTKHE0nWgOMopbovHs,31458436144,未知,0,广东
7521309157225366322,[赞][赞][赞][赞][赞],,0,2025-06-29 18:00:57,山人在外,https://www.douyin.com/user/MS4wLjABAAAAeOiCfqYvwTS-DV3thP6rt3Bfi7hgk63M-cobS3_Ix3isUCR2z7ZRz1Hco6IUA7iz,56055648584,未知,0,河北
7521305892533748530,[比心][比心][比心],,0,2025-06-29 17:48:15,龙腾九州,https://www.douyin.com/user/MS4wLjABAAAAuWT60NWj6bxlMumPdDCKhSxpMNzWj6AuhQGkilqzwnk,lb715565694,未知,0,河北
7521301574561383178,@小布丁. 阴憋,,0,2025-06-29 17:31:31,菜刀酱,https://www.douyin.com/user/MS4wLjABAAAAPK5A15tHngEXHaEv3wyZEdI6jGsHlBkapyCDZOrm1kGwYp6YRfMu4YdeXl5VXzqq,caidaojiang0201,未知,0,广东
7521301524347290426,微操式指挥,,0,2025-06-29 17:31:18,通知：,https://www.douyin.com/user/MS4wLjABAAAAe5GYLwd1Fz1ZmLXpkljEVYTaASo0lk3TRe3HX6dW4ealtoLRs9JOvSwALaZTCDDr,82827744078,未知,0,天津
7521300491609113403,都是这种的,,0,2025-06-29 17:27:17,i,https://www.douyin.com/user/MS4wLjABAAAADzXkx3cOkqvKIUXyyNu0Upg1SrNss8zIwvoToKh_noc,2020.20.20,未知,0,广东
7521293413103272756,小学老师,,0,2025-06-29 17:16:31,永不醉,https://www.douyin.com/user/MS4wLjABAAAA0xiU-xoavKsy7EzhUHdJrme68lb18WzNqd3S2F3LVun2rmu9-7GtHQcIw0rHBB71,28269076977,未知,0,新疆
7521296341449737020,总座高见,,0,2025-06-29 17:11:11,马丁伊登,https://www.douyin.com/user/MS4wLjABAAAAT5M-XHmuKjVEbLvLr-345986TdrPcna1VOla0vVnVEpavbWxVbpi5SIcgBWZgzD6,dyaqz00hqryx,未知,0,湖北
7521294134482928441,老登快更啊[流泪][流泪][流泪],,1,2025-06-29 17:02:38,木槿,https://www.douyin.com/user/MS4wLjABAAAADK4L8XWR9q3AB-DN5qWRuDtR_uZqfrsQKrf7Tiqv_aAiwe5vic-GNMTYiN8Yf_kO,72369362508,未知,0,山东
7521290873876857638,@． @橙子 @不想白给了 @生来就帥 戏志才[看][看][看],,0,2025-06-29 16:49:59,无他,https://www.douyin.com/user/MS4wLjABAAAADB_ZpyFH96TaUtZ42vlR-OqRlu9djTk-xQ_6x2hC4BWGz4wXwTYq5cWuTzyp6Ow-,59589581841,未知,0,浙江
7521283246749041468,本命年升职啊,,0,2025-06-29 16:20:23,奖罚仙人,https://www.douyin.com/user/MS4wLjABAAAAOoYI06-hboWU9Hr9GP8eC1C-76vOqLdqf3jxFVtPCyw,Two_Lat3,未知,0,辽宁
